{
    "$schema": "https://schema.management.azure.com/schemas/2019-04-01/deploymentTemplate.json#",
    "contentVersion": "1.0.0.0",
    "parameters": {
        "workflows_LA_TeamsInventory_name": {
            "defaultValue": "LA-TeamsInventory",
            "type": "String"
        },
        "connections_sharepointonline_8_externalid": {
            "defaultValue": "/subscriptions/c221eb8c-453d-480b-a809-d1ad3d853e2a/resourceGroups/JSF_Automation/providers/Microsoft.Web/connections/sharepointonline-8",
            "type": "String"
        }
    },
    "variables": {},
    "resources": [
        {
            "type": "Microsoft.Logic/workflows",
            "apiVersion": "2017-07-01",
            "name": "[parameters('workflows_LA_TeamsInventory_name')]",
            "location": "eastus",
            "properties": {
                "state": "Enabled",
                "definition": {
                    "$schema": "https://schema.management.azure.com/providers/Microsoft.Logic/schemas/2016-06-01/workflowdefinition.json#",
                    "contentVersion": "1.0.0.0",
                    "parameters": {
                        "$connections": {
                            "defaultValue": {},
                            "type": "Object"
                        }
                    },
                    "triggers": {
                        "Recurrence": {
                            "recurrence": {
                                "frequency": "Day",
                                "interval": 1,
                                "schedule": {
                                    "hours": [
                                        "1"
                                    ]
                                },
                                "timeZone": "W. Europe Standard Time"
                            },
                            "evaluatedRecurrence": {
                                "frequency": "Day",
                                "interval": 1,
                                "schedule": {
                                    "hours": [
                                        "1"
                                    ]
                                },
                                "timeZone": "W. Europe Standard Time"
                            },
                            "type": "Recurrence"
                        }
                    },
                    "actions": {
                        "Initialize_variable_-_AllTeams": {
                            "runAfter": {
                                "Initialize_variable_-_TeamsInventoryListName": [
                                    "Succeeded"
                                ]
                            },
                            "type": "InitializeVariable",
                            "inputs": {
                                "variables": [
                                    {
                                        "name": "AllTeams",
                                        "type": "array"
                                    }
                                ]
                            }
                        },
                        "Initialize_variable_-_AppID": {
                            "runAfter": {
                                "Initialize_variable_-_TenantID": [
                                    "Succeeded"
                                ]
                            },
                            "type": "InitializeVariable",
                            "inputs": {
                                "variables": [
                                    {
                                        "name": "AppID",
                                        "type": "string",
                                        "value": "INSERT YOUR APP ID HERE"
                                    }
                                ]
                            }
                        },
                        "Initialize_variable_-_AppSecret": {
                            "runAfter": {
                                "Initialize_variable_-_AppID": [
                                    "Succeeded"
                                ]
                            },
                            "type": "InitializeVariable",
                            "inputs": {
                                "variables": [
                                    {
                                        "name": "AppSecret",
                                        "type": "string",
                                        "value": "INSERT YOUR APP SECRET HERE, OR BETTER COLLECT IT FROM A VAULT"
                                    }
                                ]
                            }
                        },
                        "Initialize_variable_-_ExistingInventoryItems": {
                            "runAfter": {
                                "Initialize_variable_-_AllTeams": [
                                    "Succeeded"
                                ]
                            },
                            "type": "InitializeVariable",
                            "inputs": {
                                "variables": [
                                    {
                                        "name": "ExistingInventoryItems",
                                        "type": "array"
                                    }
                                ]
                            }
                        },
                        "Initialize_variable_-_InventoryItemsToDelete": {
                            "runAfter": {
                                "Initialize_variable_-_InventoryItemsToUpdate": [
                                    "Succeeded"
                                ]
                            },
                            "type": "InitializeVariable",
                            "inputs": {
                                "variables": [
                                    {
                                        "name": "InventoryItemsToDelete",
                                        "type": "array"
                                    }
                                ]
                            }
                        },
                        "Initialize_variable_-_InventoryItemsToUpdate": {
                            "runAfter": {
                                "Initialize_variable_-_NewInventoryItems": [
                                    "Succeeded"
                                ]
                            },
                            "type": "InitializeVariable",
                            "inputs": {
                                "variables": [
                                    {
                                        "name": "InventoryItemsToUpdate",
                                        "type": "array"
                                    }
                                ]
                            }
                        },
                        "Initialize_variable_-_NewInventoryItems": {
                            "runAfter": {
                                "Initialize_variable_-_ExistingInventoryItems": [
                                    "Succeeded"
                                ]
                            },
                            "type": "InitializeVariable",
                            "inputs": {
                                "variables": [
                                    {
                                        "name": "NewInventoryItems",
                                        "type": "array"
                                    }
                                ]
                            }
                        },
                        "Initialize_variable_-_Owners": {
                            "runAfter": {
                                "Initialize_variable_-_InventoryItemsToDelete": [
                                    "Succeeded"
                                ]
                            },
                            "type": "InitializeVariable",
                            "inputs": {
                                "variables": [
                                    {
                                        "name": "Owners",
                                        "type": "array"
                                    }
                                ]
                            }
                        },
                        "Initialize_variable_-_TeamsInventoryListName": {
                            "runAfter": {
                                "Initialize_variable_-_TeamsInventorySite": [
                                    "Succeeded"
                                ]
                            },
                            "type": "InitializeVariable",
                            "inputs": {
                                "variables": [
                                    {
                                        "name": "TeamsInventoryListName",
                                        "type": "string",
                                        "value": "TeamsInventory"
                                    }
                                ]
                            }
                        },
                        "Initialize_variable_-_TeamsInventorySite": {
                            "runAfter": {},
                            "type": "InitializeVariable",
                            "inputs": {
                                "variables": [
                                    {
                                        "name": "TeamsInventorySite",
                                        "type": "string",
                                        "value": "https://m365x60907295.sharepoint.com/sites/contosoteam"
                                    }
                                ]
                            }
                        },
                        "Initialize_variable_-_TenantID": {
                            "runAfter": {
                                "Initialize_variable_-_Owners": [
                                    "Succeeded"
                                ]
                            },
                            "type": "InitializeVariable",
                            "inputs": {
                                "variables": [
                                    {
                                        "name": "TenantID",
                                        "type": "string",
                                        "value": "INSERT YOUR TENANTID HERE"
                                    }
                                ]
                            }
                        },
                        "Scope_-_Create_new_Items": {
                            "actions": {
                                "For_each_-_NewInventoryItem": {
                                    "foreach": "@variables('NewInventoryItems')",
                                    "actions": {
                                        "Parse_JSON_-_Create_New_Inventory_Item": {
                                            "runAfter": {
                                                "Send_an_HTTP_request_to_SharePoint_-_Create_New_Inventory_Item": [
                                                    "Succeeded"
                                                ]
                                            },
                                            "type": "ParseJson",
                                            "inputs": {
                                                "content": "@body('Send_an_HTTP_request_to_SharePoint_-_Create_New_Inventory_Item')",
                                                "schema": {
                                                    "properties": {
                                                        "@@odata.context": {
                                                            "type": "string"
                                                        },
                                                        "value": {
                                                            "items": {
                                                                "properties": {
                                                                    "@@odata.id": {
                                                                        "type": "string"
                                                                    },
                                                                    "GroupID": {
                                                                        "type": "string"
                                                                    },
                                                                    "Title": {
                                                                        "type": "string"
                                                                    },
                                                                    "description": {
                                                                        "type": [
                                                                            "string",
                                                                            "null"
                                                                        ]
                                                                    },
                                                                    "id": {
                                                                        "type": "string"
                                                                    },
                                                                    "owners": {
                                                                        "items": {
                                                                            "properties": {
                                                                                "@@odata.id": {
                                                                                    "type": "string"
                                                                                },
                                                                                "@@odata.type": {
                                                                                    "type": "string"
                                                                                },
                                                                                "accountEnabled": {},
                                                                                "ageGroup": {},
                                                                                "assignedLicenses": {
                                                                                    "type": "array"
                                                                                },
                                                                                "assignedPlans": {
                                                                                    "type": "array"
                                                                                },
                                                                                "businessPhones": {
                                                                                    "type": "array"
                                                                                },
                                                                                "city": {},
                                                                                "companyName": {},
                                                                                "consentProvidedForMinor": {},
                                                                                "country": {},
                                                                                "createdDateTime": {},
                                                                                "creationType": {},
                                                                                "deletedDateTime": {},
                                                                                "department": {},
                                                                                "deviceKeys": {
                                                                                    "type": "array"
                                                                                },
                                                                                "displayName": {},
                                                                                "employeeHireDate": {},
                                                                                "employeeId": {},
                                                                                "employeeOrgData": {},
                                                                                "employeeType": {},
                                                                                "externalUserState": {},
                                                                                "externalUserStateChangeDateTime": {},
                                                                                "faxNumber": {},
                                                                                "givenName": {},
                                                                                "id": {
                                                                                    "type": "string"
                                                                                },
                                                                                "identities": {
                                                                                    "type": "array"
                                                                                },
                                                                                "imAddresses": {
                                                                                    "type": "array"
                                                                                },
                                                                                "infoCatalogs": {
                                                                                    "type": "array"
                                                                                },
                                                                                "isManagementRestricted": {},
                                                                                "isResourceAccount": {},
                                                                                "jobTitle": {},
                                                                                "legalAgeGroupClassification": {},
                                                                                "mail": {},
                                                                                "mailNickname": {},
                                                                                "mobilePhone": {},
                                                                                "officeLocation": {},
                                                                                "onPremisesDistinguishedName": {},
                                                                                "onPremisesDomainName": {},
                                                                                "onPremisesExtensionAttributes": {},
                                                                                "onPremisesImmutableId": {},
                                                                                "onPremisesLastSyncDateTime": {},
                                                                                "onPremisesProvisioningErrors": {
                                                                                    "type": "array"
                                                                                },
                                                                                "onPremisesSamAccountName": {},
                                                                                "onPremisesSecurityIdentifier": {},
                                                                                "onPremisesSyncEnabled": {},
                                                                                "onPremisesUserPrincipalName": {},
                                                                                "otherMails": {
                                                                                    "type": "array"
                                                                                },
                                                                                "passwordPolicies": {},
                                                                                "passwordProfile": {},
                                                                                "postalCode": {},
                                                                                "preferredDataLocation": {},
                                                                                "preferredLanguage": {},
                                                                                "provisionedPlans": {
                                                                                    "type": "array"
                                                                                },
                                                                                "proxyAddresses": {
                                                                                    "type": "array"
                                                                                },
                                                                                "refreshTokensValidFromDateTime": {},
                                                                                "showInAddressList": {},
                                                                                "signInSessionsValidFromDateTime": {},
                                                                                "state": {},
                                                                                "streetAddress": {},
                                                                                "surname": {},
                                                                                "usageLocation": {},
                                                                                "userPrincipalName": {},
                                                                                "userType": {}
                                                                            },
                                                                            "required": [
                                                                                "@@odata.type",
                                                                                "@@odata.id",
                                                                                "id",
                                                                                "deletedDateTime",
                                                                                "accountEnabled",
                                                                                "ageGroup",
                                                                                "businessPhones",
                                                                                "city",
                                                                                "createdDateTime",
                                                                                "creationType",
                                                                                "companyName",
                                                                                "consentProvidedForMinor",
                                                                                "country",
                                                                                "department",
                                                                                "displayName",
                                                                                "employeeId",
                                                                                "employeeHireDate",
                                                                                "employeeType",
                                                                                "faxNumber",
                                                                                "givenName",
                                                                                "imAddresses",
                                                                                "infoCatalogs",
                                                                                "isManagementRestricted",
                                                                                "isResourceAccount",
                                                                                "jobTitle",
                                                                                "legalAgeGroupClassification",
                                                                                "mail",
                                                                                "mailNickname",
                                                                                "mobilePhone",
                                                                                "onPremisesDistinguishedName",
                                                                                "officeLocation",
                                                                                "onPremisesDomainName",
                                                                                "onPremisesImmutableId",
                                                                                "onPremisesLastSyncDateTime",
                                                                                "onPremisesSecurityIdentifier",
                                                                                "onPremisesSamAccountName",
                                                                                "onPremisesSyncEnabled",
                                                                                "onPremisesUserPrincipalName",
                                                                                "otherMails",
                                                                                "passwordPolicies",
                                                                                "postalCode",
                                                                                "preferredDataLocation",
                                                                                "preferredLanguage",
                                                                                "proxyAddresses",
                                                                                "refreshTokensValidFromDateTime",
                                                                                "showInAddressList",
                                                                                "signInSessionsValidFromDateTime",
                                                                                "state",
                                                                                "streetAddress",
                                                                                "surname",
                                                                                "usageLocation",
                                                                                "userPrincipalName",
                                                                                "externalUserState",
                                                                                "externalUserStateChangeDateTime",
                                                                                "userType",
                                                                                "employeeOrgData",
                                                                                "onPremisesExtensionAttributes",
                                                                                "passwordProfile",
                                                                                "assignedLicenses",
                                                                                "assignedPlans",
                                                                                "deviceKeys",
                                                                                "identities",
                                                                                "onPremisesProvisioningErrors",
                                                                                "provisionedPlans"
                                                                            ],
                                                                            "type": "object"
                                                                        },
                                                                        "type": "array"
                                                                    }
                                                                },
                                                                "required": [
                                                                    "@@odata.id",
                                                                    "id",
                                                                    "displayName",
                                                                    "description",
                                                                    "GroupID",
                                                                    "Owners"
                                                                ],
                                                                "type": "object"
                                                            },
                                                            "type": "array"
                                                        }
                                                    },
                                                    "type": "object"
                                                }
                                            }
                                        },
                                        "Scope_-_Identify_Owners_SharePoint_User_Object": {
                                            "actions": {
                                                "For_each_-_GraphOwnerItem": {
                                                    "foreach": "@items('For_each_-_NewInventoryItem')?['owners']",
                                                    "actions": {
                                                        "Append_to_array_variable_-_Owners": {
                                                            "runAfter": {
                                                                "Send_an_HTTP_request_to_SharePoint_-_Get_SPO_User_ID": [
                                                                    "Succeeded"
                                                                ]
                                                            },
                                                            "type": "AppendToArrayVariable",
                                                            "inputs": {
                                                                "name": "Owners",
                                                                "value": "@body('Send_an_HTTP_request_to_SharePoint_-_Get_SPO_User_ID')['d']['id']"
                                                            }
                                                        },
                                                        "Send_an_HTTP_request_to_SharePoint_-_Get_SPO_User_ID": {
                                                            "runAfter": {},
                                                            "type": "ApiConnection",
                                                            "inputs": {
                                                                "body": {
                                                                    "method": "GET",
                                                                    "uri": "_api/web/SiteUsers/getByEmail('@{items('For_each_-_GraphOwnerItem')?['userPrincipalName']}')"
                                                                },
                                                                "host": {
                                                                    "connection": {
                                                                        "name": "@parameters('$connections')['sharepointonline']['connectionId']"
                                                                    }
                                                                },
                                                                "method": "post",
                                                                "path": "/datasets/@{encodeURIComponent(encodeURIComponent(variables('TeamsInventorySite')))}/httprequest",
                                                                "retryPolicy": {
                                                                    "type": "none"
                                                                }
                                                            }
                                                        }
                                                    },
                                                    "runAfter": {},
                                                    "type": "Foreach"
                                                }
                                            },
                                            "runAfter": {
                                                "Set_variable_-_reset_owners": [
                                                    "Succeeded"
                                                ]
                                            },
                                            "type": "Scope"
                                        },
                                        "Send_an_HTTP_request_to_SharePoint_-_Create_New_Inventory_Item": {
                                            "runAfter": {},
                                            "type": "ApiConnection",
                                            "inputs": {
                                                "body": {
                                                    "body": "{\n    \"__metadata\": {\n        \"type\": \"SP.Data.@{variables('TeamsInventoryListName')}ListItem\"\n    },\n    \"Title\": \"@{items('For_each_-_NewInventoryItem')?['displayName']}\",\n    \"Description\": \"@{items('For_each_-_NewInventoryItem')?['description']}\",\n\"GroupID\": \"@{items('For_each_-_NewInventoryItem')?['id']}\"\n}",
                                                    "headers": {
                                                        "content-type": "application/json;odata=verbose"
                                                    },
                                                    "method": "POST",
                                                    "uri": "_api/web/lists/getbytitle('@{variables('TeamsInventoryListName')}')/items"
                                                },
                                                "host": {
                                                    "connection": {
                                                        "name": "@parameters('$connections')['sharepointonline']['connectionId']"
                                                    }
                                                },
                                                "method": "post",
                                                "path": "/datasets/@{encodeURIComponent(encodeURIComponent(variables('TeamsInventorySite')))}/httprequest",
                                                "retryPolicy": {
                                                    "type": "none"
                                                }
                                            }
                                        },
                                        "Send_an_HTTP_request_to_SharePoint_-_add_owners": {
                                            "runAfter": {
                                                "Scope_-_Identify_Owners_SharePoint_User_Object": [
                                                    "Succeeded",
                                                    "Failed"
                                                ]
                                            },
                                            "type": "ApiConnection",
                                            "inputs": {
                                                "body": {
                                                    "body": "{\n    \"__metadata\": {\n        'type': \"SP.Data.@{variables('TeamsInventoryListName')}ListItem\"\n    },\n \"OwnersId\": {\"results\": @{variables('Owners')}}\n}",
                                                    "headers": {
                                                        "Accept": "application/json;odata=verbose",
                                                        "Content-Type": "application/json;odata=verbose",
                                                        "IF-MATCH": "*"
                                                    },
                                                    "method": "PATCH",
                                                    "uri": "_api/web/lists/getbytitle('@{variables('TeamsInventoryListName')}')/items(@{body('Parse_JSON_-_Create_New_Inventory_Item')?['d']?['ID']})"
                                                },
                                                "host": {
                                                    "connection": {
                                                        "name": "@parameters('$connections')['sharepointonline']['connectionId']"
                                                    }
                                                },
                                                "method": "post",
                                                "path": "/datasets/@{encodeURIComponent(encodeURIComponent(variables('TeamsInventorySite')))}/httprequest"
                                            }
                                        },
                                        "Set_variable_-_reset_owners": {
                                            "runAfter": {
                                                "Parse_JSON_-_Create_New_Inventory_Item": [
                                                    "Succeeded"
                                                ]
                                            },
                                            "type": "SetVariable",
                                            "inputs": {
                                                "name": "Owners",
                                                "value": "@null"
                                            }
                                        }
                                    },
                                    "runAfter": {},
                                    "type": "Foreach",
                                    "runtimeConfiguration": {
                                        "concurrency": {
                                            "repetitions": 1
                                        }
                                    }
                                }
                            },
                            "runAfter": {
                                "Scope_-_Identify_Sync_Action": [
                                    "Succeeded"
                                ]
                            },
                            "type": "Scope"
                        },
                        "Scope_-_Delete_orphaned_items": {
                            "actions": {
                                "For_each_-_InventoryItemsToDelete": {
                                    "foreach": "@variables('InventoryItemsToDelete')",
                                    "actions": {
                                        "Send_an_HTTP_request_to_SharePoint_-_Delete_Item": {
                                            "runAfter": {},
                                            "type": "ApiConnection",
                                            "inputs": {
                                                "body": {
                                                    "headers": {
                                                        "Accept": "application/json;odata=verbose",
                                                        "Content-Type": "application/json;odata=verbose",
                                                        "IF-MATCH": "*"
                                                    },
                                                    "method": "DELETE",
                                                    "uri": "_api/web/lists/getbytitle('@{variables('TeamsInventoryListName')}')/items(@{items('For_each_-_InventoryItemsToDelete')['ID']})"
                                                },
                                                "host": {
                                                    "connection": {
                                                        "name": "@parameters('$connections')['sharepointonline']['connectionId']"
                                                    }
                                                },
                                                "method": "post",
                                                "path": "/datasets/@{encodeURIComponent(encodeURIComponent(variables('TeamsInventorySite')))}/httprequest"
                                            }
                                        }
                                    },
                                    "runAfter": {},
                                    "type": "Foreach"
                                }
                            },
                            "runAfter": {
                                "Scope_-_Update_existing_Items": [
                                    "Succeeded",
                                    "Failed"
                                ]
                            },
                            "type": "Scope"
                        },
                        "Scope_-_Fetch_Existing_Inventory_Items": {
                            "actions": {
                                "For_each_-__All_existing_Inventory_Items": {
                                    "foreach": "@body('Parse_JSON_-__All_existing_Inventory_Items')",
                                    "actions": {
                                        "Append_to_array_variable_-_ExistingInventoryItems": {
                                            "runAfter": {},
                                            "type": "AppendToArrayVariable",
                                            "inputs": {
                                                "name": "ExistingInventoryItems",
                                                "value": "@items('For_each_-__All_existing_Inventory_Items')"
                                            }
                                        }
                                    },
                                    "runAfter": {
                                        "Parse_JSON_-__All_existing_Inventory_Items": [
                                            "Succeeded"
                                        ]
                                    },
                                    "type": "Foreach"
                                },
                                "Get_items_-_All_existing_Inventory_Items": {
                                    "runAfter": {},
                                    "type": "ApiConnection",
                                    "inputs": {
                                        "host": {
                                            "connection": {
                                                "name": "@parameters('$connections')['sharepointonline']['connectionId']"
                                            }
                                        },
                                        "method": "get",
                                        "path": "/datasets/@{encodeURIComponent(encodeURIComponent(variables('TeamsInventorySite')))}/tables/@{encodeURIComponent(encodeURIComponent(variables('TeamsInventoryListName')))}/items",
                                        "queries": {
                                            "$top": 1000
                                        }
                                    }
                                },
                                "Parse_JSON_-__All_existing_Inventory_Items": {
                                    "runAfter": {
                                        "Get_items_-_All_existing_Inventory_Items": [
                                            "Succeeded"
                                        ]
                                    },
                                    "type": "ParseJson",
                                    "inputs": {
                                        "content": "@body('Get_items_-_All_existing_Inventory_Items')?['value']",
                                        "schema": {
                                            "items": {
                                                "properties": {
                                                    "@@odata.etag": {
                                                        "type": "string"
                                                    },
                                                    "Author": {
                                                        "properties": {
                                                            "@@odata.type": {
                                                                "type": "string"
                                                            },
                                                            "Claims": {
                                                                "type": "string"
                                                            },
                                                            "Department": {},
                                                            "DisplayName": {
                                                                "type": "string"
                                                            },
                                                            "Email": {
                                                                "type": "string"
                                                            },
                                                            "JobTitle": {},
                                                            "Picture": {
                                                                "type": "string"
                                                            }
                                                        },
                                                        "type": "object"
                                                    },
                                                    "Author#Claims": {
                                                        "type": "string"
                                                    },
                                                    "Created": {
                                                        "type": "string"
                                                    },
                                                    "Description": {
                                                        "type": "string"
                                                    },
                                                    "Editor": {
                                                        "properties": {
                                                            "@@odata.type": {
                                                                "type": "string"
                                                            },
                                                            "Claims": {
                                                                "type": "string"
                                                            },
                                                            "Department": {},
                                                            "DisplayName": {
                                                                "type": "string"
                                                            },
                                                            "Email": {
                                                                "type": "string"
                                                            },
                                                            "JobTitle": {},
                                                            "Picture": {
                                                                "type": "string"
                                                            }
                                                        },
                                                        "type": "object"
                                                    },
                                                    "Editor#Claims": {
                                                        "type": "string"
                                                    },
                                                    "GroupID": {
                                                        "type": "string"
                                                    },
                                                    "ID": {
                                                        "type": "integer"
                                                    },
                                                    "ItemInternalId": {
                                                        "type": "string"
                                                    },
                                                    "Modified": {
                                                        "type": "string"
                                                    },
                                                    "Owners": {
                                                        "type": "array"
                                                    },
                                                    "Owners#Claims": {
                                                        "type": "array"
                                                    },
                                                    "Owners#Claims@odata.type": {
                                                        "type": "string"
                                                    },
                                                    "Owners@odata.type": {
                                                        "type": "string"
                                                    },
                                                    "Title": {
                                                        "type": "string"
                                                    },
                                                    "{FilenameWithExtension}": {
                                                        "type": "string"
                                                    },
                                                    "{FullPath}": {
                                                        "type": "string"
                                                    },
                                                    "{HasAttachments}": {
                                                        "type": "boolean"
                                                    },
                                                    "{Identifier}": {
                                                        "type": "string"
                                                    },
                                                    "{IsFolder}": {
                                                        "type": "boolean"
                                                    },
                                                    "{Link}": {
                                                        "type": "string"
                                                    },
                                                    "{Name}": {
                                                        "type": "string"
                                                    },
                                                    "{Path}": {
                                                        "type": "string"
                                                    },
                                                    "{Thumbnail}": {
                                                        "properties": {
                                                            "Large": {},
                                                            "Medium": {},
                                                            "Small": {}
                                                        },
                                                        "type": "object"
                                                    },
                                                    "{VersionNumber}": {
                                                        "type": "string"
                                                    }
                                                },
                                                "required": [],
                                                "type": "object"
                                            },
                                            "type": "array"
                                        }
                                    }
                                }
                            },
                            "runAfter": {
                                "Initialize_variable_-_AppSecret": [
                                    "Succeeded"
                                ]
                            },
                            "type": "Scope"
                        },
                        "Scope_-_Identify_Sync_Action": {
                            "actions": {
                                "For_each_-_AllTeams": {
                                    "foreach": "@variables('AllTeams')",
                                    "actions": {
                                        "Condition_-_Filter_found_a_counterpart_in_ExistingInventoryItems": {
                                            "actions": {},
                                            "runAfter": {
                                                "Filter_array_-_Not_yet_represented_in_Inventory": [
                                                    "Succeeded"
                                                ]
                                            },
                                            "else": {
                                                "actions": {
                                                    "Append_to_array_variable_-_NewInventoryItems": {
                                                        "runAfter": {},
                                                        "type": "AppendToArrayVariable",
                                                        "inputs": {
                                                            "name": "NewInventoryItems",
                                                            "value": "@items('For_each_-_AllTeams')"
                                                        }
                                                    }
                                                }
                                            },
                                            "expression": {
                                                "and": [
                                                    {
                                                        "not": {
                                                            "equals": [
                                                                "@length(body('Filter_array_-_Not_yet_represented_in_Inventory'))",
                                                                0
                                                            ]
                                                        }
                                                    }
                                                ]
                                            },
                                            "type": "If",
                                            "description": "length(body('Filter_array_-_Not_yet_represented_in_Inventory'))"
                                        },
                                        "Filter_array_-_Not_yet_represented_in_Inventory": {
                                            "runAfter": {},
                                            "type": "Query",
                                            "inputs": {
                                                "from": "@variables('ExistingInventoryItems')",
                                                "where": "@equals(item()?['GroupID'], items('For_each_-_AllTeams')?['id'])"
                                            },
                                            "description": "(@item()?['GroupID']) is equal to (@items('For_each_-_AllTeams')?['id'])"
                                        }
                                    },
                                    "runAfter": {
                                        "For_each_-_ExistingInventoryItems": [
                                            "Succeeded"
                                        ]
                                    },
                                    "type": "Foreach"
                                },
                                "For_each_-_ExistingInventoryItems": {
                                    "foreach": "@variables('ExistingInventoryItems')",
                                    "actions": {
                                        "Condition_-_Filter_found_a_counterpart_in_AllTeams": {
                                            "actions": {
                                                "Append_to_array_variable_-_InventoryItemsToDelete": {
                                                    "runAfter": {},
                                                    "type": "AppendToArrayVariable",
                                                    "inputs": {
                                                        "name": "InventoryItemsToDelete",
                                                        "value": "@items('For_each_-_ExistingInventoryItems')"
                                                    }
                                                }
                                            },
                                            "runAfter": {
                                                "Filter_array_-_Already_represented_in_Inventory": [
                                                    "Succeeded"
                                                ]
                                            },
                                            "else": {
                                                "actions": {
                                                    "Append_to_array_variable_-_InventoryItemsToUpdate": {
                                                        "runAfter": {},
                                                        "type": "AppendToArrayVariable",
                                                        "inputs": {
                                                            "name": "InventoryItemsToUpdate",
                                                            "value": "@items('For_each_-_ExistingInventoryItems')"
                                                        }
                                                    }
                                                }
                                            },
                                            "expression": {
                                                "and": [
                                                    {
                                                        "equals": [
                                                            "@length(body('Filter_array_-_Already_represented_in_Inventory'))",
                                                            0
                                                        ]
                                                    }
                                                ]
                                            },
                                            "type": "If",
                                            "description": "length(body('Filter_array_-_Already_represented_in_Inventory'))"
                                        },
                                        "Filter_array_-_Already_represented_in_Inventory": {
                                            "runAfter": {},
                                            "type": "Query",
                                            "inputs": {
                                                "from": "@variables('AllTeams')",
                                                "where": "@equals(item()?['id'], items('For_each_-_ExistingInventoryItems')?['GroupID'])"
                                            },
                                            "description": "(@item()?['id']) is equal to (@items('For_each_-_ExistingInventoryItems')?['GroupID'])"
                                        }
                                    },
                                    "runAfter": {},
                                    "type": "Foreach"
                                }
                            },
                            "runAfter": {
                                "Scope_-_List_Teams_Groups": [
                                    "Succeeded"
                                ]
                            },
                            "type": "Scope"
                        },
                        "Scope_-_List_Teams_Groups": {
                            "actions": {
                                "For_each_-_List_Teams_Groups": {
                                    "foreach": "@body('Parse_JSON_-_List_Teams_Groups')?['value']",
                                    "actions": {
                                        "Append_to_array_variable_-_AllTeams": {
                                            "runAfter": {},
                                            "type": "AppendToArrayVariable",
                                            "inputs": {
                                                "name": "AllTeams",
                                                "value": "@items('For_each_-_List_Teams_Groups')"
                                            }
                                        }
                                    },
                                    "runAfter": {
                                        "Parse_JSON_-_List_Teams_Groups": [
                                            "Succeeded"
                                        ]
                                    },
                                    "type": "Foreach"
                                },
                                "HTTP_-_List_Teams_Groups": {
                                    "runAfter": {},
                                    "type": "Http",
                                    "inputs": {
                                        "authentication": {
                                            "audience": "https://graph.microsoft.com",
                                            "clientId": "@variables('AppID')",
                                            "secret": "@variables('AppSecret')",
                                            "tenant": "@variables('TenantID')",
                                            "type": "ActiveDirectoryOAuth"
                                        },
                                        "headers": {
                                            "contenttype": "application/json"
                                        },
                                        "method": "GET",
                                        "uri": "https://graph.microsoft.com/v1.0/groups?$filter=resourceProvisioningOptions/Any(x:x%20eq%20'Team')&$expand=owners($select=id,displayName,mail,userPrincipalName)&$select=id,displayname,description,owner"
                                    }
                                },
                                "Parse_JSON_-_List_Teams_Groups": {
                                    "runAfter": {
                                        "HTTP_-_List_Teams_Groups": [
                                            "Succeeded"
                                        ]
                                    },
                                    "type": "ParseJson",
                                    "inputs": {
                                        "content": "@body('HTTP_-_List_Teams_Groups')",
                                        "schema": {
                                            "properties": {
                                                "@@odata.context": {
                                                    "type": "string"
                                                },
                                                "value": {
                                                    "items": {
                                                        "properties": {
                                                            "description": {
                                                                "type": "string"
                                                            },
                                                            "displayName": {
                                                                "type": "string"
                                                            },
                                                            "id": {
                                                                "type": "string"
                                                            },
                                                            "owners": {
                                                                "items": {
                                                                    "properties": {
                                                                        "@@odata.type": {
                                                                            "type": "string"
                                                                        },
                                                                        "displayName": {
                                                                            "type": "string"
                                                                        },
                                                                        "id": {
                                                                            "type": "string"
                                                                        },
                                                                        "mail": {
                                                                            "type": [
                                                                                "string",
                                                                                "null"
                                                                            ]
                                                                        }
                                                                    },
                                                                    "required": [
                                                                        "@@odata.type",
                                                                        "id",
                                                                        "displayName",
                                                                        "mail"
                                                                    ],
                                                                    "type": "object"
                                                                },
                                                                "type": "array"
                                                            }
                                                        },
                                                        "required": [
                                                            "id",
                                                            "displayName",
                                                            "description",
                                                            "owners"
                                                        ],
                                                        "type": "object"
                                                    },
                                                    "type": "array"
                                                }
                                            },
                                            "type": "object"
                                        }
                                    }
                                }
                            },
                            "runAfter": {
                                "Scope_-_Fetch_Existing_Inventory_Items": [
                                    "Succeeded"
                                ]
                            },
                            "type": "Scope"
                        },
                        "Scope_-_Update_existing_Items": {
                            "actions": {
                                "For_each_-_InventoryItemsToUpdate": {
                                    "foreach": "@variables('InventoryItemsToUpdate')",
                                    "actions": {
                                        "Filter_array_-_Get_actual_values": {
                                            "runAfter": {},
                                            "type": "Query",
                                            "inputs": {
                                                "from": "@variables('AllTeams')",
                                                "where": "@equals(item()?['id'], items('For_each_-_InventoryItemsToUpdate')['GroupID'])"
                                            }
                                        },
                                        "Scope_-_Identify_Owners_SharePoint_User_Object_(UpdateJob)": {
                                            "actions": {
                                                "For_each_-_Owner_in_AllTeams_Object": {
                                                    "foreach": "@first(body('Filter_array_-_Get_actual_values'))?['owners']",
                                                    "actions": {
                                                        "Append_to_array_variable_-_Owners_(Update)": {
                                                            "runAfter": {
                                                                "Send_an_HTTP_request_to_SharePoint_-_Get_SPO_User_ID_(update)": [
                                                                    "Succeeded"
                                                                ]
                                                            },
                                                            "type": "AppendToArrayVariable",
                                                            "inputs": {
                                                                "name": "Owners",
                                                                "value": "@body('Send_an_HTTP_request_to_SharePoint_-_Get_SPO_User_ID_(update)')['d']['id']"
                                                            }
                                                        },
                                                        "Send_an_HTTP_request_to_SharePoint_-_Get_SPO_User_ID_(update)": {
                                                            "runAfter": {},
                                                            "type": "ApiConnection",
                                                            "inputs": {
                                                                "body": {
                                                                    "method": "GET",
                                                                    "uri": "_api/web/SiteUsers/getByEmail('@{items('For_each_-_Owner_in_AllTeams_Object')?['userPrincipalName']}')"
                                                                },
                                                                "host": {
                                                                    "connection": {
                                                                        "name": "@parameters('$connections')['sharepointonline']['connectionId']"
                                                                    }
                                                                },
                                                                "method": "post",
                                                                "path": "/datasets/@{encodeURIComponent(encodeURIComponent(variables('TeamsInventorySite')))}/httprequest",
                                                                "retryPolicy": {
                                                                    "type": "none"
                                                                }
                                                            }
                                                        }
                                                    },
                                                    "runAfter": {
                                                        "Set_variable_-_reset_Owners_(Update)": [
                                                            "Succeeded"
                                                        ]
                                                    },
                                                    "type": "Foreach"
                                                },
                                                "Set_variable_-_reset_Owners_(Update)": {
                                                    "runAfter": {},
                                                    "type": "SetVariable",
                                                    "inputs": {
                                                        "name": "Owners",
                                                        "value": "@null"
                                                    }
                                                }
                                            },
                                            "runAfter": {
                                                "Filter_array_-_Get_actual_values": [
                                                    "Succeeded"
                                                ]
                                            },
                                            "type": "Scope"
                                        },
                                        "Send_an_HTTP_request_to_SharePoint_-_Update_Item": {
                                            "runAfter": {
                                                "Scope_-_Identify_Owners_SharePoint_User_Object_(UpdateJob)": [
                                                    "Succeeded",
                                                    "Failed"
                                                ]
                                            },
                                            "type": "ApiConnection",
                                            "inputs": {
                                                "body": {
                                                    "body": "{\n    \"__metadata\": {\n        'type': \"SP.Data.@{variables('TeamsInventoryListName')}ListItem\"\n    },\n \"OwnersId\": {\"results\": @{variables('Owners')}},\n \"Title\": \"@{first(body('Filter_array_-_Get_actual_values'))['displayName']}\",\n    \"Description\": \"@{first(body('Filter_array_-_Get_actual_values'))['description']}\"\n}",
                                                    "headers": {
                                                        "Accept": "application/json;odata=verbose",
                                                        "Content-Type": "application/json;odata=verbose",
                                                        "IF-MATCH": "*"
                                                    },
                                                    "method": "PATCH",
                                                    "uri": "_api/web/lists/getbytitle('@{variables('TeamsInventoryListName')}')/items(@{items('For_each_-_InventoryItemsToUpdate')['ID']})"
                                                },
                                                "host": {
                                                    "connection": {
                                                        "name": "@parameters('$connections')['sharepointonline']['connectionId']"
                                                    }
                                                },
                                                "method": "post",
                                                "path": "/datasets/@{encodeURIComponent(encodeURIComponent(variables('TeamsInventorySite')))}/httprequest",
                                                "retryPolicy": {
                                                    "type": "none"
                                                }
                                            }
                                        }
                                    },
                                    "runAfter": {},
                                    "type": "Foreach",
                                    "runtimeConfiguration": {
                                        "concurrency": {
                                            "repetitions": 1
                                        }
                                    }
                                }
                            },
                            "runAfter": {
                                "Scope_-_Create_new_Items": [
                                    "Succeeded",
                                    "Failed"
                                ]
                            },
                            "type": "Scope"
                        }
                    },
                    "outputs": {}
                },
                "parameters": {
                    "$connections": {
                        "value": {
                            "sharepointonline": {
                                "connectionId": "[parameters('connections_sharepointonline_8_externalid')]",
                                "connectionName": "sharepointonline-8",
                                "id": "/subscriptions/c221eb8c-453d-480b-a809-d1ad3d853e2a/providers/Microsoft.Web/locations/eastus/managedApis/sharepointonline"
                            }
                        }
                    }
                }
            }
        }
    ]
}