{"name":"328d5d0a-1b84-4451-ae46-625a02917846","id":"/providers/Microsoft.Flow/flows/328d5d0a-1b84-4451-ae46-625a02917846","type":"Microsoft.Flow/flows","properties":{"apiId":"/providers/Microsoft.PowerApps/apis/shared_logicflows","displayName":"TeamsInventory - Create Item","definition":{"metadata":{"workflowEntityId":null,"processAdvisorMetadata":null,"flowclientsuspensionreason":"None","flowclientsuspensiontime":null,"flowclientsuspensionreasondetails":null,"creator":{"id":"313b93a8-98fc-46c4-b300-bdfd85209bd6","type":"User","tenantId":"763aefea-a45b-49f4-a4a4-30d135e944f5"},"provisioningMethod":"FromDefinition","failureAlertSubscription":true,"clientLastModifiedTime":"2023-03-01T10:06:25.107622Z"},"$schema":"https://schema.management.azure.com/providers/Microsoft.Logic/schemas/2016-06-01/workflowdefinition.json#","contentVersion":"1.0.0.0","parameters":{"$connections":{"defaultValue":{},"type":"Object"},"$authentication":{"defaultValue":{},"type":"SecureObject"}},"triggers":{"For_a_selected_item_-_Button_in_List_triggers_flow":{"splitOn":"@triggerBody()['rows']","metadata":{"operationMetadataId":"08e9a118-2fa0-4406-8012-2efab3948358"},"type":"Request","kind":"ApiConnection","inputs":{"schema":{"type":"object","properties":{"rows":{"type":"array","items":{"type":"object","properties":{"entity":{"type":"object","properties":{"ID":{"title":"ID","type":"integer","format":"int64"}},"required":["ID"]}},"required":["entity"]}}},"required":["rows"]},"host":{"connection":{"name":"@parameters('$connections')['shared_sharepointonline']['connectionId']"},"api":{"runtimeUrl":"https://flow-apim-europe-002-northeurope-01.azure-apim.net/apim/sharepointonline"}},"operationId":"GetItemHybridTriggerSchema","parameters":{"dataset":"https://m365x60907295.sharepoint.com/sites/contosoteam","table":"5834d381-52d2-4077-9b2f-f77e532748bf"}}}},"actions":{"Get_item_-_Triggeritem":{"runAfter":{"Initialize_variable_-_MemberShipApprovalList":["Succeeded"]},"metadata":{"operationMetadataId":"f0d1d954-cba4-40bd-8f9b-aa0347bc1911"},"type":"OpenApiConnection","inputs":{"host":{"apiId":"/providers/Microsoft.PowerApps/apis/shared_sharepointonline","connectionName":"shared_sharepointonline","operationId":"GetItem"},"parameters":{"dataset":"@variables('TeamsInventorySiteURL')","table":"@variables('TeamsInventoryListID')","id":"@triggerBody()?['entity']?['ID']"},"authentication":{"value":"@json(decodeBase64(triggerOutputs().headers['X-MS-APIM-Tokens']))['$ConnectionKey']","type":"Raw"}}},"Initialize_variable_-_TeamsInventorySiteURL":{"runAfter":{},"metadata":{"operationMetadataId":"311864d8-73fe-4ec3-9bc1-7c3f815afd91"},"type":"InitializeVariable","inputs":{"variables":[{"name":"TeamsInventorySiteURL","type":"string","value":"https://m365x60907295.sharepoint.com/sites/contosoteam"}]}},"Initialize_variable_-_TeamsInventoryListID":{"runAfter":{"Initialize_variable_-_TeamsInventorySiteURL":["Succeeded"]},"metadata":{"operationMetadataId":"e56aa30d-605c-423b-9600-a47e7273108a"},"type":"InitializeVariable","inputs":{"variables":[{"name":"TeamsInventoryListID","type":"string","value":"5834d381-52d2-4077-9b2f-f77e532748bf"}]}},"Initialize_variable_-_MemberShipApprovalList":{"runAfter":{"Initialize_variable_-_TeamsInventoryListID":["Succeeded"]},"metadata":{"operationMetadataId":"d6d41dfc-e515-400f-bae8-afd515cc9509"},"type":"InitializeVariable","inputs":{"variables":[{"name":"MemberShipApprovalList","type":"string","value":"9f26b9ff-0850-46a4-a670-85cf900c9083"}]}},"Create_item_-_Approval_Item":{"runAfter":{"Get_item_-_Triggeritem":["Succeeded"]},"metadata":{"operationMetadataId":"729f716d-2378-49f7-b318-5fb674150e0c"},"type":"OpenApiConnection","inputs":{"host":{"apiId":"/providers/Microsoft.PowerApps/apis/shared_sharepointonline","connectionName":"shared_sharepointonline","operationId":"PostItem"},"parameters":{"dataset":"@variables('TeamsInventorySiteURL')","table":"@variables('MemberShipApprovalList')","item":{"RequestingUser":{"Claims":"@{triggerOutputs()['headers']['x-ms-user-email']}"},"Status":{"Value":"Requested"},"GroupID":"@{outputs('Get_item_-_Triggeritem')?['body/GroupID']}"}},"authentication":{"value":"@json(decodeBase64(triggerOutputs().headers['X-MS-APIM-Tokens']))['$ConnectionKey']","type":"Raw"}},"description":"Claims: @{triggerOutputs()['headers']['x-ms-user-email']} | GroupID: @{outputs('Get_item_-_Triggeritem')?['body/GroupID']}"}},"outputs":{}},"connectionReferences":{"shared_sharepointonline":{"connectionName":"shared-sharepointonl-5088129b-c61e-4531-8695-09c730b12eea","source":"Invoker","id":"/providers/Microsoft.PowerApps/apis/shared_sharepointonline","tier":"NotSpecified"}},"flowFailureAlertSubscribed":false,"isManaged":false}}