{"name":"e3a0f000-a4e3-4e64-8a9e-fec86219c177","id":"/providers/Microsoft.Flow/flows/e3a0f000-a4e3-4e64-8a9e-fec86219c177","type":"Microsoft.Flow/flows","properties":{"apiId":"/providers/Microsoft.PowerApps/apis/shared_logicflows","displayName":"Approve Team Membership Request","definition":{"metadata":{"workflowEntityId":null,"processAdvisorMetadata":null,"flowclientsuspensionreason":"None","flowclientsuspensiontime":null,"flowclientsuspensionreasondetails":null,"creator":{"id":"313b93a8-98fc-46c4-b300-bdfd85209bd6","type":"User","tenantId":"763aefea-a45b-49f4-a4a4-30d135e944f5"},"provisioningMethod":"FromDefinition","failureAlertSubscription":true,"clientLastModifiedTime":"2023-03-01T12:44:05.1287263Z"},"$schema":"https://schema.management.azure.com/providers/Microsoft.Logic/schemas/2016-06-01/workflowdefinition.json#","contentVersion":"1.0.0.0","parameters":{"$connections":{"defaultValue":{},"type":"Object"},"$authentication":{"defaultValue":{},"type":"SecureObject"}},"triggers":{"When_an_item_is_created_or_modified":{"recurrence":{"frequency":"Minute","interval":1},"splitOn":"@triggerOutputs()?['body/value']","metadata":{"operationMetadataId":"c4e92256-aa46-46b5-a0c7-ed736e2fd9a4"},"type":"OpenApiConnection","inputs":{"host":{"apiId":"/providers/Microsoft.PowerApps/apis/shared_sharepointonline","connectionName":"shared_sharepointonline","operationId":"GetOnUpdatedItems"},"parameters":{"dataset":"https://m365x60907295.sharepoint.com/sites/contosoteam","table":"9f26b9ff-0850-46a4-a670-85cf900c9083"},"authentication":"@parameters('$authentication')"},"conditions":[{"expression":"@equals(triggerBody()?['Status']?['Value'],'Requested')"}]}},"actions":{"Send_an_HTTP_request_-_Get_Group_Owners":{"runAfter":{"Parse_JSON_-_Get_Group_Information":["Succeeded"]},"metadata":{"operationMetadataId":"303ab810-ff43-4d3b-85a8-43923693c9e8"},"type":"OpenApiConnection","inputs":{"host":{"apiId":"/providers/Microsoft.PowerApps/apis/shared_office365groups","connectionName":"shared_office365groups","operationId":"HttpRequest"},"parameters":{"Uri":"https://graph.microsoft.com/v1.0/groups/@{triggerBody()?['GroupID']}/owners","Method":"GET","ContentType":"application/json"},"authentication":"@parameters('$authentication')"}},"Parse_JSON_-_Get_Group_Owners":{"runAfter":{"Send_an_HTTP_request_-_Get_Group_Owners":["Succeeded"]},"metadata":{"operationMetadataId":"1d4736c7-5fbc-4845-9168-7a7397f855d3"},"type":"ParseJson","inputs":{"content":"@body('Send_an_HTTP_request_-_Get_Group_Owners')","schema":{"properties":{"@@odata.context":{"type":"string"},"value":{"items":{"properties":{"@@odata.type":{"type":"string"},"businessPhones":{"items":{"type":["string","null"]},"type":"array"},"displayName":{"type":"string"},"givenName":{"type":["string","null"]},"id":{"type":"string"},"jobTitle":{},"mail":{"type":"string"},"mobilePhone":{"type":["string","null"]},"officeLocation":{},"preferredLanguage":{"type":["string","null"]},"surname":{"type":["string","null"]},"userPrincipalName":{"type":"string"}},"required":["@@odata.type","id","displayName","givenName","mail","surname","userPrincipalName"],"type":"object"},"type":"array"}},"type":"object"}}},"Apply_to_each_-_TeamOwner":{"foreach":"@body('Parse_JSON_-_Get_Group_Owners')?['value']","actions":{"Append_to_string_variable_-_TeamOwnersString":{"runAfter":{},"metadata":{"operationMetadataId":"6ac843a6-c598-47de-b5b0-731fcb24180e"},"type":"AppendToStringVariable","inputs":{"name":"TeamOwnersString","value":"@{items('Apply_to_each_-_TeamOwner')?['userPrincipalName']};"}}},"runAfter":{"Parse_JSON_-_Get_Group_Owners":["Succeeded"]},"metadata":{"operationMetadataId":"8d745b75-2045-4f8d-b36b-eab49c38851c"},"type":"Foreach"},"Start_and_wait_for_an_approval_-_OwnerApproval":{"runAfter":{"Apply_to_each_-_TeamOwner":["Succeeded"]},"metadata":{"operationMetadataId":"842a1ffa-2996-46b3-a1bb-bc4f73e6f338"},"type":"OpenApiConnectionWebhook","inputs":{"host":{"apiId":"/providers/Microsoft.PowerApps/apis/shared_approvals","connectionName":"shared_approvals","operationId":"StartAndWaitForAnApproval"},"parameters":{"approvalType":"Basic","WebhookApprovalCreationInput/title":"Teams Membership Approval - @{body('Parse_JSON_-_Get_Group_Information')?['displayName']}","WebhookApprovalCreationInput/assignedTo":"@{variables('TeamOwnersString')};","WebhookApprovalCreationInput/details":"Hi, \n\nthe user **@{triggerOutputs()?['body/RequestingUser/DisplayName']}** has requested membership for the Team **@{body('Parse_JSON_-_Get_Group_Information')?['displayName']}** . Please decide if his request should be approved.","WebhookApprovalCreationInput/enableNotifications":true,"WebhookApprovalCreationInput/enableReassignment":false},"authentication":"@parameters('$authentication')"}},"Send_an_HTTP_request_-_Get_Group_Information":{"runAfter":{"Initialize_variable_-_TeamOwnersString":["Succeeded"]},"metadata":{"operationMetadataId":"303ab810-ff43-4d3b-85a8-43923693c9e8"},"type":"OpenApiConnection","inputs":{"host":{"apiId":"/providers/Microsoft.PowerApps/apis/shared_office365groups","connectionName":"shared_office365groups","operationId":"HttpRequest"},"parameters":{"Uri":"https://graph.microsoft.com/v1.0/groups/@{triggerBody()?['GroupID']}","Method":"GET","ContentType":"application/json"},"authentication":"@parameters('$authentication')"}},"Parse_JSON_-_Get_Group_Information":{"runAfter":{"Send_an_HTTP_request_-_Get_Group_Information":["Succeeded"]},"metadata":{"operationMetadataId":"8d0a0257-ca45-4c69-bbbf-845a8db70a22"},"type":"ParseJson","inputs":{"content":"@body('Send_an_HTTP_request_-_Get_Group_Information')","schema":{"properties":{"@@odata.context":{"type":"string"},"classification":{},"createdDateTime":{"type":"string"},"deletedDateTime":{},"description":{"type":"string"},"displayName":{"type":"string"},"expirationDateTime":{},"groupTypes":{"items":{"type":"string"},"type":"array"},"id":{"type":"string"},"isAssignableToRole":{},"mail":{"type":"string"},"mailEnabled":{"type":"boolean"},"mailNickname":{"type":"string"},"membershipRule":{},"membershipRuleProcessingState":{},"onPremisesDomainName":{},"onPremisesLastSyncDateTime":{},"onPremisesNetBiosName":{},"onPremisesProvisioningErrors":{"type":"array"},"onPremisesSamAccountName":{},"onPremisesSecurityIdentifier":{},"onPremisesSyncEnabled":{},"preferredDataLocation":{},"preferredLanguage":{},"proxyAddresses":{"items":{"type":"string"},"type":"array"},"renewedDateTime":{"type":"string"},"resourceBehaviorOptions":{"type":"array"},"resourceProvisioningOptions":{"items":{"type":"string"},"type":"array"},"securityEnabled":{"type":"boolean"},"securityIdentifier":{"type":"string"},"theme":{},"visibility":{"type":"string"}},"type":"object"}}},"Condition_-_ApprovalResult":{"actions":{"Add_member_to_group_-_Requested_Team":{"runAfter":{},"metadata":{"operationMetadataId":"480e9833-6b87-44b7-97d0-6566989dfe08"},"type":"OpenApiConnection","inputs":{"host":{"apiId":"/providers/Microsoft.PowerApps/apis/shared_office365groups","connectionName":"shared_office365groups","operationId":"AddMemberToGroup"},"parameters":{"groupId":"@body('Parse_JSON_-_Get_Group_Information')?['id']","userUpn":"@triggerOutputs()?['body/RequestingUser/Email']"},"authentication":"@parameters('$authentication')"}}},"runAfter":{"Start_and_wait_for_an_approval_-_OwnerApproval":["Succeeded"]},"expression":{"equals":["@outputs('Start_and_wait_for_an_approval_-_OwnerApproval')?['body/outcome']","Approve"]},"metadata":{"operationMetadataId":"50b2e6cb-ea06-485c-a846-40eff39dca5c"},"type":"If"},"Initialize_variable_-_TeamsInventorySiteURL":{"runAfter":{},"metadata":{"operationMetadataId":"6639849c-ef58-452b-9abe-dc317d7bb2be"},"type":"InitializeVariable","inputs":{"variables":[{"name":"TeamsInventorySiteURL","type":"string","value":"https://m365x60907295.sharepoint.com/sites/contosoteam"}]}},"Initialize_variable_-_MemberShipApprovalListID":{"runAfter":{"Initialize_variable_-_TeamsInventorySiteURL":["Succeeded"]},"metadata":{"operationMetadataId":"f771ce87-683a-43b8-8cb9-4c6a36bd8516"},"type":"InitializeVariable","inputs":{"variables":[{"name":"MemberShipApprovalListID","type":"string","value":"9f26b9ff-0850-46a4-a670-85cf900c9083"}]}},"Update_item_-_ApprovalItem_Update":{"runAfter":{"Condition_-_ApprovalResult":["Succeeded"]},"metadata":{"operationMetadataId":"512be8ca-041f-46d0-a252-fdd85a0a9c5e"},"type":"OpenApiConnection","inputs":{"host":{"apiId":"/providers/Microsoft.PowerApps/apis/shared_sharepointonline","connectionName":"shared_sharepointonline","operationId":"PatchItem"},"parameters":{"dataset":"@variables('TeamsInventorySiteURL')","table":"@variables('MemberShipApprovalListID')","id":"@triggerOutputs()?['body/ID']","item":{"Result":{"Value":"@{outputs('Start_and_wait_for_an_approval_-_OwnerApproval')?['body/outcome']}"},"Status":{"Value":"Processed"}}},"authentication":"@parameters('$authentication')"}},"Initialize_variable_-_TeamOwnersString":{"runAfter":{"Initialize_variable_-_MemberShipApprovalListID":["Succeeded"]},"metadata":{"operationMetadataId":"ce0ca7b8-d8b4-4e4e-ac3e-3f1b045aad0c"},"type":"InitializeVariable","inputs":{"variables":[{"name":"TeamOwnersString","type":"string"}]}}}},"connectionReferences":{"shared_office365groups":{"connectionName":"shared-office365grou-383934b4-724a-4e23-99cd-fe219b304412","source":"Embedded","id":"/providers/Microsoft.PowerApps/apis/shared_office365groups","tier":"NotSpecified"},"shared_approvals":{"connectionName":"shared-approvals-1d1ebe61-7989-4cf9-9ba2-ffe52e6b85db","source":"Embedded","id":"/providers/Microsoft.PowerApps/apis/shared_approvals","tier":"NotSpecified"},"shared_sharepointonline":{"connectionName":"shared-sharepointonl-5088129b-c61e-4531-8695-09c730b12eea","source":"Embedded","id":"/providers/Microsoft.PowerApps/apis/shared_sharepointonline","tier":"NotSpecified"}},"flowFailureAlertSubscribed":false,"isManaged":false}}